features,model,fold,MAE,RMSE,R2,MAE_hot
ESM only,Ridge,1,6.024226476782296,8.235199331254055,0.7104302671405256,11.928887208758248
ESM only,XGBoost,1,5.612476422483985,7.919197962721259,0.7322266615115158,11.906069774682337
ESM only,Mean(R+X),1,5.668437898054472,7.914422996058313,0.7325494778610969,11.738011633427574
ESM only,Ridge,2,5.974185083739559,8.062028933821708,0.7236638806036209,10.025829154438743
ESM only,XGBoost,2,5.4365788718303225,7.61195740327549,0.7536561933285528,9.65492795884778
ESM only,Mean(R+X),2,5.580545915957003,7.680385359150007,0.7492072534186502,9.677137643689813
ESM only,Ridge,3,6.237884938620389,8.350070966702056,0.6650652156730419,10.697045339315807
ESM only,XGBoost,3,5.929576132661642,8.116141103775071,0.6835689460177417,10.57703906035165
ESM only,Mean(R+X),3,5.949742725843747,8.075956741429774,0.6866945944001386,10.496954823573143
ESM only,Ridge,4,5.9038307820835625,7.992516658762924,0.7246358333451124,10.655153309881646
ESM only,XGBoost,4,5.561694562668326,7.780790719193245,0.7390316782682053,10.828065610373764
ESM only,Mean(R+X),4,5.597213556517896,7.732913061550283,0.742233437820657,10.592047156580687
ESM only,Ridge,5,6.148070954742452,8.254957736196966,0.6574363197861977,10.793135953564171
ESM only,XGBoost,5,5.775105011445471,8.0038654306643,0.6779590019625368,10.519461605895001
ESM only,Mean(R+X),5,5.8311801944372865,7.968112434815647,0.6808296684915278,10.511330636903098
Classical only,Ridge,1,9.150265537828686,12.134772085106416,0.3712642112349007,18.31977211506797
Classical only,XGBoost,1,7.4947509974092466,10.575077830126771,0.5225014260243126,17.043322471629583
Classical only,Mean(R+X),1,8.06880115771033,11.027092241902094,0.4808092467113678,17.447420981005475
Classical only,Ridge,2,9.35900164480522,12.347584744806817,0.35179409862325817,17.46280673813212
Classical only,XGBoost,2,7.416963336889504,10.374333744460706,0.5424175281659773,14.941341597365252
Classical only,Mean(R+X),2,8.161561725046644,11.00485034962023,0.48510671044779263,15.868177011398013
Classical only,Ridge,3,9.310398997066475,11.875804783490882,0.3225051160985245,15.354545842525331
Classical only,XGBoost,3,7.675988268607768,10.402806996747211,0.48014646414518514,13.693119664656987
Classical only,Mean(R+X),3,8.244688054515553,10.809389170867604,0.4387165638012711,14.123097125717878
Classical only,Ridge,4,9.075102982211657,12.211767033362943,0.35716821062730586,17.439693490200526
Classical only,XGBoost,4,7.323665886228905,10.36197964624808,0.5371654254943716,15.46487754816541
Classical only,Mean(R+X),4,7.9824472940934585,10.976225111680796,0.48066650349714957,16.252065488387235
Classical only,Ridge,5,9.10305752391967,11.756142546310365,0.3052296212523319,16.152293291958895
Classical only,XGBoost,5,7.588827081705262,10.431721042810358,0.4529543897454428,15.009543021627811
Classical only,Mean(R+X),5,8.082941334283943,10.764962698371194,0.4174453595717996,15.347891097152896
ESM + Classical,Ridge,1,6.071297700516754,8.279038722195146,0.7073390608625341,11.985026043943826
ESM + Classical,XGBoost,1,5.651808107515334,7.999344594351191,0.7267792082625726,12.181421032607727
ESM + Classical,Mean(R+X),1,5.723955926005938,7.983184104922954,0.7278820290320576,11.925569862212697
ESM + Classical,Ridge,2,5.984979782650111,8.045971072095464,0.7247635908829348,9.971787456750194
ESM + Classical,XGBoost,2,5.439279857651455,7.58487257167955,0.7554061532152478,9.602052253636693
ESM + Classical,Mean(R+X),2,5.579800519169849,7.648230668367353,0.7513027947575889,9.600163674557175
ESM + Classical,Ridge,3,6.238246282885284,8.347253361025025,0.6652912149327977,10.629146854111434
ESM + Classical,XGBoost,3,5.9012547689583,8.045309262772404,0.68906801012434,10.447723938153539
ESM + Classical,Mean(R+X),3,5.936085691210134,8.031808462057864,0.6901106819502902,10.400392415291135
ESM + Classical,Ridge,4,5.928800990960061,7.9966779366958205,0.7243490237768437,10.589129359573228
ESM + Classical,XGBoost,4,5.579206297630146,7.806658066743426,0.7372936082738947,10.95525751918984
ESM + Classical,Mean(R+X),4,5.620090055960996,7.748695372008792,0.7411801986912105,10.627774103095291
ESM + Classical,Ridge,5,6.194991150489141,8.301875972885762,0.6535312340236099,10.782588628771508
ESM + Classical,XGBoost,5,5.778495719599798,8.011899320789821,0.6773121793765513,10.670109728136412
ESM + Classical,Mean(R+X),5,5.851125712530475,7.991974573385216,0.6789151647234264,10.574957811363355
