fold,model,n_test,hot_frac,MAE,RMSE,R2,MAE_hot
1,Ridge,7411,0.18836864120901362,6.024226476782296,8.235199331254055,0.7104302671405256,11.928887208758248
1,XGBoost,7411,0.18836864120901362,5.612476422483985,7.919197962721259,0.7322266615115158,11.906069774682337
1,SVR-PCA,7411,0.18836864120901362,5.474538424544826,8.019754673456918,0.72538320088061,12.507099928223363
1,Ensemble,7411,0.18836864120901362,5.511264594137572,7.848536709780703,0.7369839070935855,11.88801256195797
2,Ridge,7411,0.19052759411685333,5.974185083739559,8.062028933821708,0.7236638806036209,10.025829154438743
2,XGBoost,7411,0.19052759411685333,5.4365788718303225,7.61195740327549,0.7536561933285528,9.65492795884778
2,SVR-PCA,7411,0.19052759411685333,5.349427839709278,7.680967224748428,0.7491692518881328,10.410797227983506
2,Ensemble,7411,0.19052759411685333,5.390267167951799,7.55856086838017,0.7571001877740907,9.769304001786738
3,Ridge,7412,0.18685914732865624,6.237884938620389,8.350070966702056,0.6650652156730419,10.697045339315807
3,XGBoost,7412,0.18685914732865624,5.929576132661642,8.116141103775071,0.6835689460177417,10.57703906035165
3,SVR-PCA,7412,0.18685914732865624,5.587901457415485,8.001724958100064,0.692427743553592,11.023672174814575
3,Ensemble,7412,0.18685914732865624,5.717174298220953,7.920514927562404,0.6986392044652789,10.440507875833624
4,Ridge,7413,0.19654660731147983,5.9038307820835625,7.992516658762924,0.7246358333451124,10.655153309881646
4,XGBoost,7413,0.19654660731147983,5.561694562668326,7.780790719193245,0.7390316782682053,10.828065610373764
4,SVR-PCA,7413,0.19654660731147983,5.57241458802073,7.939039442521856,0.7283083799305443,11.43595985067008
4,Ensemble,7413,0.19654660731147983,5.489836137609838,7.699576566703494,0.7444511044027873,10.770781439645788
5,Ridge,7411,0.19889353663473217,6.148070954742452,8.254957736196966,0.6574363197861977,10.793135953564171
5,XGBoost,7411,0.19889353663473217,5.775105011445471,8.0038654306643,0.6779590019625368,10.519461605895001
5,SVR-PCA,7411,0.19889353663473217,5.625062855383554,7.986741034699049,0.6793355513710412,11.214813779541908
5,Ensemble,7411,0.19889353663473217,5.6696919604464835,7.871911879534892,0.6884899552976353,10.637245260343942
