feature,spearman_rho
AAC_A,-0.24696336671694272
AAC_Q,-0.20412578680106921
AAC_T,-0.15978614731516338
AAC_H,-0.13636366802579677
AAC_D,-0.11361301834459454
AAC_W,-0.10626104721796957
AAC_P,-0.10598907033527147
AAC_G,-0.10519896071714863
AAC_R,-0.08293796754637506
AAC_L,-0.06653653229429823
GRAVY,-0.05033408331381698
AAC_S,-0.049868497070393834
log_length,-0.01481155447001079
AAC_C,-0.01175448384275418
AAC_V,0.01683065557144183
AAC_M,0.035741087467145195
AAC_F,0.06331527937820389
AAC_N,0.09699088734269863
aromatic(FWY),0.11873335255572738
net_charge(KR-DE),0.13516734364400074
AAC_Y,0.2125112158660799
CvP,0.23698986024119112
AAC_E,0.2521597376246612
AAC_I,0.25655549125251725
IVYWREL,0.27130271492226343
AAC_K,0.2742733834005469
(E+K)/(Q+H),0.34447205080540794
