,0
(E+K)/(Q+H),0.02825018
CvP,0.022405807
IVYWREL,0.022088215
AAC_K,0.013818986
AAC_Q,0.013432692
net_charge(KR-DE),0.01213472
AAC_I,0.011509666
AAC_E,0.010886991
AAC_Y,0.010538019
DP_EE,0.009977388
AAC_A,0.009747037
AAC_D,0.008265751
DP_VK,0.00824567
DP_EQ,0.008086547
DP_KY,0.0077927057
AAC_R,0.007595437
DP_KI,0.0070590656
AAC_V,0.0069025187
GRAVY,0.006087034
DP_VY,0.0059710606
DP_DA,0.00586544
DP_NQ,0.0058509856
AAC_T,0.005546598
AAC_S,0.005425105
AAC_N,0.005402622
aromatic(FWY),0.0053187017
log_length,0.005266635
DP_IK,0.0050490894
DP_AA,0.004843663
DP_QQ,0.0047803
DP_AD,0.004663188
DP_PP,0.004631626
DP_DQ,0.0046255547
DP_KE,0.004572034
DP_QL,0.0043792236
AAC_P,0.0041881693
DP_PR,0.0039780526
DP_VE,0.003893598
DP_KQ,0.003793636
DP_TD,0.0037112243
DP_YI,0.003609216
DP_YY,0.0035977156
DP_NE,0.0035671021
DP_QI,0.0035158603
DP_EV,0.003445479
DP_LK,0.003364265
DP_YV,0.0033031825
AAC_L,0.0032979168
DP_EK,0.003186506
DP_DD,0.0031820915
DP_WK,0.003168067
DP_QA,0.0030514803
DP_KV,0.0030296384
DP_RE,0.0029102992
DP_KN,0.002909944
AAC_H,0.0028739779
DP_II,0.002854173
DP_KP,0.0028497542
AAC_C,0.0027477855
DP_AY,0.002714203
DP_LY,0.0027074004
DP_FK,0.0026893208
DP_MT,0.0026543315
AAC_G,0.002651332
DP_KS,0.0026444646
DP_NK,0.0026317881
DP_QV,0.0026093833
DP_KL,0.0025936267
DP_TW,0.0025881846
DP_VV,0.0025764992
DP_TE,0.0025739712
AAC_W,0.002567573
DP_IY,0.0025461486
DP_LR,0.0025134885
DP_GV,0.0025115872
DP_ME,0.0024984826
DP_WI,0.0024866567
DP_NR,0.0024818152
DP_HD,0.0024697739
DP_HP,0.0024646632
DP_MM,0.0024187355
DP_KK,0.0024059338
DP_KF,0.002380749
AAC_F,0.002358268
DP_CE,0.002349924
DP_HY,0.002349685
DP_WW,0.0023450411
DP_KA,0.0023433887
DP_IP,0.0022920447
DP_DP,0.002279109
DP_NP,0.0022705426
DP_PS,0.0022675893
DP_EY,0.0022635842
DP_IV,0.0022339197
DP_YM,0.002232084
DP_SA,0.0022192828
DP_WG,0.0022161491
DP_PY,0.0022155577
DP_AQ,0.0021870667
AAC_M,0.0021820697
DP_CN,0.0021720852
DP_PC,0.0021579019
DP_IL,0.0021544835
DP_QS,0.002153187
DP_MK,0.002144759
DP_AT,0.00214089
DP_GC,0.0021397118
DP_GP,0.002132074
DP_YA,0.002130443
DP_YS,0.0021279182
DP_RY,0.0021095516
DP_AE,0.0021066302
DP_SV,0.0020840985
DP_VF,0.00207908
DP_LD,0.002073873
DP_PW,0.0020726584
DP_GI,0.0020708037
DP_SD,0.0020672968
DP_QT,0.0020638173
DP_LN,0.002061895
DP_AP,0.0020580215
DP_RV,0.0020534615
DP_GG,0.0020494882
DP_AN,0.002048731
DP_RW,0.0020486214
DP_FF,0.002041494
DP_YT,0.0020307878
DP_TA,0.002029596
DP_IM,0.0020272154
DP_YW,0.00202386
DP_SK,0.002021259
DP_MD,0.0020185038
DP_NN,0.0020175164
DP_GW,0.002011105
DP_IF,0.002006232
DP_PI,0.0019969319
DP_ND,0.0019951877
DP_HM,0.001992926
DP_RG,0.0019815876
DP_VI,0.0019780088
DP_EW,0.0019746202
DP_WT,0.0019683612
DP_GQ,0.001968108
DP_IQ,0.0019562645
DP_DV,0.0019541238
DP_FV,0.0019307978
DP_DR,0.0019280957
DP_QN,0.0019262283
DP_PH,0.0019248035
DP_YN,0.0019186889
DP_EN,0.0019155007
DP_VA,0.0019103738
DP_KR,0.001884086
DP_LF,0.001880864
DP_TK,0.001880816
DP_TC,0.0018802918
DP_AW,0.0018754341
DP_AL,0.0018744403
DP_EA,0.0018743383
DP_YG,0.0018685532
DP_MS,0.0018630004
DP_QH,0.0018622334
DP_LL,0.0018571996
DP_DK,0.0018554677
DP_WS,0.0018496831
DP_QG,0.0018375817
DP_PM,0.0018374551
DP_FE,0.0018355405
DP_YE,0.0018282202
DP_MH,0.0018237747
DP_MN,0.0018224223
DP_EG,0.0018201207
DP_SP,0.0018162128
DP_ST,0.0018146029
DP_YK,0.0018119976
DP_PN,0.0018119689
DP_YP,0.0018076394
DP_RL,0.0018058622
DP_WP,0.0017857953
DP_CI,0.0017824183
DP_VW,0.0017745427
DP_WA,0.0017627412
DP_NF,0.0017599526
DP_LV,0.0017593086
DP_EI,0.001759128
DP_FC,0.0017176024
DP_DL,0.0017173918
DP_FM,0.0017027553
DP_DN,0.001696213
DP_LP,0.0016960851
DP_PG,0.0016958636
DP_MQ,0.0016877202
DP_GF,0.0016758989
DP_IW,0.0016732737
DP_NV,0.0016695062
DP_HH,0.0016607085
DP_RK,0.0016578105
DP_WE,0.0016565805
DP_VR,0.001656539
DP_LQ,0.0016562004
DP_SC,0.0016528732
DP_PF,0.0016498341
DP_RP,0.0016481614
DP_FW,0.0016477859
DP_FQ,0.0016432249
DP_VL,0.0016428347
DP_NH,0.0016373488
DP_CR,0.0016359949
DP_MG,0.0016357261
DP_DG,0.0016357121
DP_AI,0.0016350837
DP_QE,0.0016308617
DP_LE,0.0016270647
DP_EH,0.0016218447
DP_AC,0.0016200369
DP_GR,0.0016132427
DP_KW,0.0016064985
DP_DE,0.0016048813
DP_NM,0.0016032098
DP_RC,0.001600882
DP_EM,0.0016004494
DP_RD,0.0015985112
DP_KT,0.0015970897
DP_LT,0.001591523
DP_LW,0.0015878342
DP_YD,0.0015850974
DP_HN,0.0015840696
DP_IH,0.0015800045
DP_RH,0.001579205
DP_DC,0.0015760305
DP_HK,0.0015697924
DP_RM,0.0015691814
DP_AK,0.0015670501
DP_PA,0.0015642641
DP_NI,0.0015637473
DP_SE,0.001562671
DP_RA,0.0015586601
DP_SF,0.0015554269
DP_WY,0.001551332
DP_NG,0.0015511231
DP_HQ,0.0015483672
DP_GA,0.0015460475
DP_NT,0.0015453054
DP_KC,0.0015441226
DP_IG,0.0015439029
DP_FR,0.0015425115
DP_YQ,0.0015423538
DP_HA,0.001541964
DP_NS,0.0015391135
DP_WM,0.0015389932
DP_MI,0.0015382728
DP_IE,0.0015336048
DP_TQ,0.0015322829
DP_AV,0.0015311743
DP_YF,0.0015310694
DP_NA,0.0015284441
DP_CT,0.0015272582
DP_GK,0.001525927
DP_AR,0.0015241089
DP_VN,0.0015239127
DP_HI,0.0015233072
DP_MR,0.0015218505
DP_WV,0.0015189226
DP_PT,0.0015159873
DP_YR,0.0015152578
DP_AF,0.0015133697
DP_LI,0.0015122287
DP_CA,0.0015121829
DP_CK,0.0015102808
DP_VH,0.001510228
DP_FD,0.0015072253
DP_ID,0.0015069067
DP_SM,0.0015053529
DP_FI,0.0015015003
DP_DI,0.0015012139
DP_RS,0.0014993488
DP_SI,0.0014971171
DP_EL,0.001495676
DP_DY,0.0014952736
DP_QY,0.0014933079
DP_CD,0.0014925249
DP_HL,0.0014876409
DP_ET,0.0014863778
DP_IC,0.001485495
DP_PL,0.0014848916
DP_PK,0.0014836603
DP_MA,0.0014826258
DP_WF,0.001481085
DP_FG,0.0014806252
DP_HE,0.0014770556
DP_WL,0.0014748167
DP_IT,0.0014722161
DP_TL,0.0014718425
DP_TN,0.0014705724
DP_GH,0.001467891
DP_QD,0.0014676877
DP_PE,0.0014668956
DP_HG,0.001466044
DP_SN,0.0014648987
DP_GT,0.001464443
DP_LG,0.0014633108
DP_MP,0.0014618622
DP_AH,0.0014570486
DP_TR,0.001453766
DP_FS,0.0014500442
DP_HT,0.0014445934
DP_ML,0.0014422556
DP_VG,0.0014411415
DP_ED,0.0014410143
DP_IR,0.0014391635
DP_CF,0.001431905
DP_AM,0.0014289207
DP_MF,0.0014288288
DP_EP,0.0014236508
DP_HV,0.0014226226
DP_IN,0.0014224369
DP_FY,0.0014221731
DP_QP,0.0014199167
DP_GD,0.0014193105
DP_GN,0.0014183357
DP_TH,0.0014142148
DP_YC,0.0014130272
DP_KH,0.0014128007
DP_YH,0.0014111545
DP_AG,0.0014080412
DP_RQ,0.0014038325
DP_KD,0.0014029822
DP_ES,0.0014003896
DP_EC,0.0013987662
DP_RF,0.0013984824
DP_TT,0.0013948588
DP_CY,0.0013924482
DP_QK,0.0013895973
DP_NW,0.0013891591
DP_FL,0.0013881397
DP_HS,0.0013813376
DP_PQ,0.0013807921
DP_FA,0.0013797086
DP_CP,0.0013777076
DP_WN,0.001377031
DP_LA,0.0013753115
DP_FH,0.0013751243
DP_DM,0.0013737659
DP_EF,0.0013731064
DP_CV,0.001372898
DP_TY,0.0013715926
DP_SS,0.0013696826
DP_TF,0.0013669411
DP_MV,0.0013664614
DP_GY,0.00136593
DP_MW,0.0013633841
DP_RR,0.0013631054
DP_TG,0.001362301
DP_LS,0.0013582964
DP_HW,0.0013562035
DP_YL,0.0013561713
DP_GL,0.0013520176
DP_NY,0.0013516489
DP_VM,0.0013508431
DP_GE,0.0013504232
DP_SQ,0.0013503219
DP_NC,0.001349505
DP_RN,0.0013450643
DP_VT,0.001344672
DP_SW,0.0013417477
DP_DS,0.0013407713
DP_HF,0.0013403117
DP_QM,0.00133713
DP_FT,0.001336575
DP_WR,0.001334949
DP_CH,0.0013330824
DP_PV,0.0013279384
DP_IS,0.0013245081
DP_SR,0.0013218403
DP_VC,0.0013200474
DP_NL,0.0013174518
DP_RT,0.0013118114
DP_RI,0.0013052095
DP_FP,0.0013042457
DP_MY,0.0013006639
DP_SL,0.001299913
DP_CG,0.0012993534
DP_SH,0.0012984251
DP_GM,0.0012981826
DP_LM,0.0012960392
DP_WD,0.0012886982
DP_QR,0.0012810973
DP_SY,0.001273761
DP_TP,0.0012730471
DP_ER,0.0012723359
DP_FN,0.0012699275
DP_SG,0.00126872
DP_VQ,0.0012686768
DP_TV,0.0012612353
DP_DT,0.0012598438
DP_VP,0.0012597368
DP_IA,0.0012593444
DP_DH,0.0012472456
DP_DF,0.001244631
DP_PD,0.0012396883
DP_KG,0.0012396806
DP_HR,0.0012358597
DP_LH,0.0012316435
DP_CS,0.0012283308
DP_WH,0.0012280107
DP_VS,0.0012222653
DP_QW,0.0012080702
DP_VD,0.001207378
DP_HC,0.0012014894
DP_AS,0.0011950105
DP_CM,0.0011911547
DP_GS,0.0011826474
DP_CL,0.0011821595
DP_TI,0.0011595911
DP_QF,0.0011574759
DP_CC,0.0011427708
DP_QC,0.0011417035
DP_TM,0.0011343572
DP_MC,0.0011338393
DP_TS,0.0011207127
DP_CQ,0.0011017448
DP_WQ,0.0011007582
DP_KM,0.0010924969
DP_LC,0.001057523
DP_CW,0.0010393499
DP_DW,0.0010201851
DP_WC,0.00080898247
